{
  "lgbm_wrmsse": 57.73110856811644,
  "xgb_wrmsse": 115.72193064706909,
  "ensemble_wrmsse": 57.58445997440291,
  "weights": {
    "lgbm": 0.9607639286905041,
    "xgb": 0.03923607130949594
  },
  "training_time_sec": 36.65378629998304
}