{
  "lgbm_wrmsse": 162.67530759030373,
  "xgb_wrmsse": 2169.5748070514564,
  "ensemble_wrmsse": 101.87149408910473,
  "weights": {
    "lgbm": 0.9450848099040652,
    "xgb": 0.054915190095934804
  },
  "training_time_sec": 36.16893940002774
}