{
  "lgbm_wrmsse": 67.2408074350131,
  "xgb_wrmsse": 109.94683250614152,
  "ensemble_wrmsse": 59.48378606769317,
  "weights": {
    "lgbm": 0.7470311543534266,
    "xgb": 0.2529688456465734
  },
  "training_time_sec": 52.05698969995137
}