{
  "lgbm_wrmsse": 237.79264126808062,
  "xgb_wrmsse": 417.9198373890691,
  "ensemble_wrmsse": 237.3614092190122,
  "weights": {
    "lgbm": 0.9602719158904172,
    "xgb": 0.03972808410958293
  },
  "training_time_sec": 117.14669619995402
}