{
  "lgbm_wrmsse": 51.451896223148886,
  "xgb_wrmsse": 224.26541690842953,
  "ensemble_wrmsse": 47.668184752122194,
  "weights": {
    "lgbm": 0.9194297838464252,
    "xgb": 0.08057021615357482
  },
  "training_time_sec": 43.83599990000948
}