{
  "lgbm_wrmsse": 32.38380775849962,
  "xgb_wrmsse": 75.4675187881256,
  "ensemble_wrmsse": 32.23431868992046,
  "weights": {
    "lgbm": 0.9565066719914679,
    "xgb": 0.04349332800853221
  },
  "training_time_sec": 27.746811200049706
}