{
  "lgbm_wrmsse": 148.443396015035,
  "xgb_wrmsse": 4063.993923825434,
  "ensemble_wrmsse": 137.39751584259145,
  "weights": {
    "lgbm": 0.9863315251255547,
    "xgb": 0.01366847487444547
  },
  "training_time_sec": 71.06763049997971
}