{
  "lgbm_wrmsse": 159.00656813169454,
  "xgb_wrmsse": 2859.5200286767486,
  "ensemble_wrmsse": 130.97472636068667,
  "weights": {
    "lgbm": 0.969873313157057,
    "xgb": 0.030126686842943003
  },
  "training_time_sec": 73.39138389998698
}