{
  "lgbm_wrmsse": 44.096556276173175,
  "xgb_wrmsse": 215.66798080511623,
  "ensemble_wrmsse": 42.22975242214075,
  "weights": {
    "lgbm": 0.9436696664910406,
    "xgb": 0.05633033350895939
  },
  "training_time_sec": 63.89322490000632
}