{
  "lgbm_wrmsse": 122.42050113683143,
  "xgb_wrmsse": 211.30308760599584,
  "ensemble_wrmsse": 100.25114868303274,
  "weights": {
    "lgbm": 0.7248926998948546,
    "xgb": 0.2751073001051454
  },
  "training_time_sec": 57.753412000020035
}