{
  "lgbm_wrmsse": 128.30826272673625,
  "xgb_wrmsse": 3689.3035944639555,
  "ensemble_wrmsse": 106.07059023481742,
  "weights": {
    "lgbm": 0.9809166617736976,
    "xgb": 0.019083338226302496
  },
  "training_time_sec": 59.815569099999266
}