{
  "lgbm_wrmsse": 34.16179556267485,
  "xgb_wrmsse": 133.83054669060886,
  "ensemble_wrmsse": 33.99191192822335,
  "weights": {
    "lgbm": 0.9746465383102191,
    "xgb": 0.02535346168978085
  },
  "training_time_sec": 47.67290120001417
}