{
  "lgbm_wrmsse": 97.0948119979115,
  "xgb_wrmsse": 286.39247634569523,
  "ensemble_wrmsse": 97.31130384463171,
  "weights": {
    "lgbm": 0.99,
    "xgb": 0.01
  },
  "training_time_sec": 83.65248309995513
}