{
  "lgbm_wrmsse": 53.40551998173917,
  "xgb_wrmsse": 150.76823612446515,
  "ensemble_wrmsse": 48.98978468181583,
  "weights": {
    "lgbm": 0.8704723437651298,
    "xgb": 0.12952765623487028
  },
  "training_time_sec": 59.11083389993291
}