{
  "lgbm_wrmsse": 132.42907473625385,
  "xgb_wrmsse": 352.1262473856489,
  "ensemble_wrmsse": 132.63487508009845,
  "weights": {
    "lgbm": 0.99,
    "xgb": 0.01
  },
  "training_time_sec": 82.20490060001612
}