{
  "lgbm_wrmsse": 125.62442020492297,
  "xgb_wrmsse": 4482.764599359701,
  "ensemble_wrmsse": 115.63978396006932,
  "weights": {
    "lgbm": 0.9891795774953035,
    "xgb": 0.010820422504696534
  },
  "training_time_sec": 29.326327900023898
}