{
  "lgbm_wrmsse": 227.77605818038023,
  "xgb_wrmsse": 4830.204169871433,
  "ensemble_wrmsse": 194.13287669321593,
  "weights": {
    "lgbm": 0.9759227982444192,
    "xgb": 0.02407720175558072
  },
  "training_time_sec": 33.67129090000526
}