{
  "lgbm_wrmsse": 32.66444875771791,
  "xgb_wrmsse": 115.2934772214661,
  "ensemble_wrmsse": 32.79539864913076,
  "weights": {
    "lgbm": 0.99,
    "xgb": 0.01
  },
  "training_time_sec": 26.78539890004322
}