{
  "lgbm_wrmsse": 235.48513656302603,
  "xgb_wrmsse": 4467.251395069581,
  "ensemble_wrmsse": 206.87781766238922,
  "weights": {
    "lgbm": 0.9754564156732097,
    "xgb": 0.02454358432679026
  },
  "training_time_sec": 32.37025239999639
}