{
  "lgbm_wrmsse": 111.2736983272677,
  "xgb_wrmsse": 531.5114873233307,
  "ensemble_wrmsse": 108.66226687911517,
  "weights": {
    "lgbm": 0.9560276564371715,
    "xgb": 0.04397234356282859
  },
  "training_time_sec": 125.90949280001223
}