{
  "lgbm_wrmsse": 72.39118546593659,
  "xgb_wrmsse": 179.70392815084332,
  "ensemble_wrmsse": 60.537676974838924,
  "weights": {
    "lgbm": 0.8102780966658873,
    "xgb": 0.18972190333411257
  },
  "training_time_sec": 50.398267499986105
}