{
  "mape": 63.462737457753434,
  "rmse": 2.018798104150689,
  "mae": 1.0225724727702967,
  "smape": 150.02883036177502,
  "wape": 86.032656442512,
  "wrmsse": 63.629561137125485,
  "training_time_sec": 108.20384520001244
}