{
  "mape": 64.58541895647953,
  "rmse": 2.9037246902859453,
  "mae": 1.5166524414633302,
  "smape": 124.03235433044782,
  "wape": 75.05544671246489,
  "wrmsse": 111.45074092737234,
  "training_time_sec": 147.13820170005783
}