{
  "mape": 61.41096601528259,
  "rmse": 2.2057435881586733,
  "mae": 1.1445194610346294,
  "smape": 140.26292117466858,
  "wape": 83.94611105832536,
  "wrmsse": 128.8420263194955,
  "training_time_sec": 120.76391109998804
}