{
  "mape": 64.8564280047655,
  "rmse": 1.7105612556387597,
  "mae": 0.9417448559689952,
  "smape": 151.59992389738272,
  "wape": 99.26248437427164,
  "wrmsse": 63.33416997430743,
  "training_time_sec": 157.0769020000007
}