{
  "mape": 72.35313003562106,
  "rmse": 2.3228140727873448,
  "mae": 1.1237722313403695,
  "smape": 148.92073371308345,
  "wape": 87.94936281580252,
  "wrmsse": 141.45643578203845,
  "training_time_sec": 199.16851560003124
}