{
  "mape": 80.75420083562915,
  "rmse": 3.216950396873104,
  "mae": 1.4757707377919524,
  "smape": 139.536529965583,
  "wape": 92.745722613273,
  "wrmsse": 235.83810466040362,
  "training_time_sec": 94.66292090003844
}