{
  "mape": 60.57650744487718,
  "rmse": 2.1611495262509575,
  "mae": 1.0905073185329228,
  "smape": 143.5146620381804,
  "wape": 78.98563715155318,
  "wrmsse": 60.11007373969684,
  "training_time_sec": 34.275803100084886
}