{
  "mape": 63.72761951672591,
  "rmse": 1.8562590702675257,
  "mae": 1.0913291716226905,
  "smape": 136.62922708318916,
  "wape": 84.95546015225256,
  "wrmsse": 100.49564547800327,
  "training_time_sec": 62.99289749993477
}