{
  "mape": 61.84249051986404,
  "rmse": 2.171603893525498,
  "mae": 1.2865752802529549,
  "smape": 126.62991114148237,
  "wape": 79.56472011601419,
  "wrmsse": 84.91521274782262,
  "training_time_sec": 68.84778760001063
}