{
  "mape": 59.40394773024526,
  "rmse": 2.37205999463893,
  "mae": 1.2685027876652593,
  "smape": 131.3554461312115,
  "wape": 81.70958832963007,
  "wrmsse": 103.30613501621171,
  "training_time_sec": 80.27199779998045
}