{
  "rmse": 2.1290232510686216,
  "mae": 1.106084558786941,
  "mape": 55.35756373677376,
  "wrmsse": 44.06958937978468,
  "training_time_sec": 514.6741252999636
}