{
  "mape": 73.47130237104325,
  "rmse": 2.8195311312194127,
  "mae": 1.4044382049482054,
  "smape": 144.0967857340278,
  "wape": 89.23862792987892,
  "wrmsse": 150.76823612446515,
  "training_time_sec": 8.564940299955197
}