{
  "mape": 75.44354399596091,
  "rmse": 2.794009843981521,
  "mae": 1.1855084153975897,
  "smape": 159.0175308260809,
  "wape": 87.51937843530362,
  "wrmsse": 179.70392815084332,
  "training_time_sec": 14.023271399899386
}