{
  "mape": 72.23926659231435,
  "rmse": 1.8562011145940192,
  "mae": 0.9921455060063867,
  "smape": 158.52736920320618,
  "wape": 107.34041409754607,
  "wrmsse": 75.4675187881256,
  "training_time_sec": 15.490652199951
}