{
  "mape": 75.2662945947956,
  "rmse": 3.7800583228568962,
  "mae": 1.4989278313005059,
  "smape": 152.5023376753116,
  "wape": 82.37508902398667,
  "wrmsse": 211.30308760599584,
  "training_time_sec": 13.371919400058687
}