{
  "mape": 74.55864648542897,
  "rmse": 2.2184472804686486,
  "mae": 1.0540606796945298,
  "smape": 161.3541576242497,
  "wape": 91.86748963473906,
  "wrmsse": 133.83054669060886,
  "training_time_sec": 13.089957699994557
}