{
  "mape": 72.78792527422523,
  "rmse": 2.4587968105365032,
  "mae": 1.2191380555254356,
  "smape": 152.34994784511858,
  "wape": 90.11277409204979,
  "wrmsse": 109.94683250614152,
  "training_time_sec": 14.034867099951953
}