{
  "mape": 80.23690286850585,
  "rmse": 3.5621306163615007,
  "mae": 1.7872115736018104,
  "smape": 133.90873554774802,
  "wape": 87.05783893209025,
  "wrmsse": 115.72193064706909,
  "training_time_sec": 18.060622000019066
}