{
  "mape": 74.23990415574157,
  "rmse": 2.550979300219225,
  "mae": 1.221875451664081,
  "smape": 154.65321481306677,
  "wape": 89.08965148958181,
  "wrmsse": 115.2934772214661,
  "training_time_sec": 12.794502999982797
}