{
  "mape": 71.52186799847102,
  "rmse": 2.2537520430912816,
  "mae": 1.1857756618795592,
  "smape": 149.92546187382106,
  "wape": 89.32869361894522,
  "wrmsse": 224.26541690842953,
  "training_time_sec": 12.259936499991454
}