{
  "mape": 71.55592052818886,
  "rmse": 3.004010150842611,
  "mae": 1.4065839325244467,
  "smape": 142.24952744125537,
  "wape": 89.76712798828629,
  "wrmsse": 215.66798080511623,
  "training_time_sec": 11.638990800012834
}